budget,depth,width,seed,box,binaries,unstable,big_m,unstable_per_layer,layer_width_median,status,cert,obj,bound,root_bound,nodes,wall,load
60,1,60,0,1.0,59,59,3.02977222280174,[59],[1.9862362952498487],optimal,True,-0.7180684242152734,-0.7180684242152734,-2.046015891767573,9,0.7078366900000219,0.62451171875
60,1,60,1,1.0,60,60,2.5931682366763025,[60],[1.5414549408672453],optimal,True,-1.1721641938909415,-1.1721641938909415,-1.7458778559862513,1,0.3912254629999552,0.62451171875
60,1,60,2,1.0,60,60,2.71431491423382,[60],[1.968401437499488],optimal,True,-0.7387283100231359,-0.7387283100231359,-2.002759222816429,3,0.45359570000027816,0.81494140625
60,2,30,0,1.0,60,60,4.941041697884587,"[30, 30]","[1.881663223183205, 4.435060079659138]",optimal,True,-0.07997945366177656,-0.07997945366177656,-2.2842372801343362,1953,18.213790804999917,0.8564453125
60,2,30,1,1.0,60,60,3.5295789591750646,"[30, 30]","[1.5677261021834212, 3.7338307857512847]",optimal,True,-0.8734578350672204,-0.8734578350672204,-2.9847120737939306,680,8.961666240999875,1.099609375
60,2,30,2,1.0,60,60,4.878479574619082,"[30, 30]","[2.2860495832906294, 5.035560816040874]",optimal,True,-0.16882722014418633,-0.16882722014418633,-2.5414071953040214,2318,15.190276344999802,1.07080078125
60,3,20,0,1.0,60,60,4.289082942825791,"[20, 20, 20]","[1.7703867243390374, 3.152288229743381, 4.934004989355548]",optimal,True,-0.1738203558067602,-0.1738373908000052,-2.34699742860049,9627,48.749302095000075,1.2900390625
60,3,20,1,1.0,60,60,5.2468750064727185,"[20, 20, 20]","[1.5859566494659152, 3.2356577148737733, 5.31355302248507]",time_limit,False,None,-1.2368185912786673,None,11491,60.01667662099999,1.36181640625
60,3,20,2,1.0,60,60,5.687469854971296,"[20, 20, 20]","[2.0384560950200177, 3.8154038277637907, 6.400975430550538]",optimal,True,0.207419482601771,0.207419482601771,-2.0823003774152156,10402,44.4836938630001,1.1689453125
60,4,15,0,1.0,60,60,5.714939199599844,"[15, 15, 15, 15]","[1.3530103688258022, 3.0118388687710844, 4.446557605496119, 5.912883091845906]",time_limit,False,None,-0.7893097143067166,None,10720,60.0366103299998,1.060546875
60,4,15,1,1.0,59,59,5.732773931433144,"[15, 14, 15, 15]","[1.3356262870434215, 2.2923133364249058, 2.927536617215442, 5.951731092716563]",time_limit,False,None,-0.7859557862164082,None,11429,60.01271915500001,1.09033203125
60,4,15,2,1.0,60,60,7.236987456076416,"[15, 15, 15, 15]","[2.490074334056762, 3.735989718800031, 5.440291223282463, 7.676530041651905]",time_limit,False,None,-0.9765678558728339,None,7487,60.0123640060001,1.146484375
60,5,12,0,1.0,60,60,6.095575646808978,"[12, 12, 12, 12, 12]","[1.6747099271683836, 2.562076839364834, 3.5278810018783338, 4.532329327531279, 7.087135107452173]",time_limit,False,None,-0.49705606250802414,None,10741,60.01178391099984,1.05126953125
60,5,12,1,1.0,60,60,3.929155395758232,"[12, 12, 12, 12, 12]","[1.3644375340390935, 1.6659559939251363, 2.050568332543503, 1.6468805761764882, 3.344724924178551]",optimal,True,-0.12064625404377671,-0.1206513859648656,-2.1060166253293677,9830,54.496039062000364,1.0185546875
60,5,12,2,1.0,60,60,4.433511283849052,"[12, 12, 12, 12, 12]","[1.718845134924439, 2.246137272532624, 3.183278994050311, 3.9074073854212026, 5.113492646325206]",time_limit,False,None,-0.36671916535344623,None,8761,60.01548150899998,1.0048828125
60,6,10,0,1.0,59,59,4.350981638103612,"[9, 10, 10, 10, 10, 10]","[1.6820280578330118, 2.441508899334215, 3.064234337287565, 3.6664003344917475, 3.2366834182391298, 3.595464770515857]",time_limit,False,None,-0.4357346462558216,None,9106,60.01606531200014,1.0
60,6,10,1,1.0,60,60,1.6800207781864789,"[10, 10, 10, 10, 10, 10]","[1.493488681185819, 1.366238151258444, 1.2852091115615911, 1.1222105179049144, 1.0106904342330605, 1.9122387678295745]",optimal,True,-0.36007658640007806,-0.3601071991109727,-1.6727580000323374,5899,39.06074073599984,1.0
60,6,10,2,1.0,60,60,4.633715457324012,"[10, 10, 10, 10, 10, 10]","[1.704116564000528, 2.1913284533998634, 3.0779186827789884, 3.9475710291304256, 4.632094486233035, 3.7864460944705494]",time_limit,False,None,-0.10782647685422611,None,12704,60.01816870699986,1.0986328125
120,1,120,0,1.0,120,120,3.3293942762504343,[120],[2.1728847633773847],optimal,True,-1.0864725735341245,-1.0864725735341245,-2.4672925249366466,1,1.0918437179998364,1.0986328125
120,1,120,1,1.0,120,120,2.8836836580207987,[120],[1.9260646094270282],optimal,True,-0.21407133430033665,-0.21409207645699946,-1.5737036021463084,12,2.086109138000211,1.09033203125
120,1,120,2,1.0,120,120,3.1879963686402433,[120],[2.1709969096272337],optimal,True,-0.5446251301662548,-0.5446308568870918,-2.558043440391023,9,2.8825984909999534,1.09033203125
120,2,60,0,1.0,119,119,5.642937125376893,"[59, 60]","[1.9862362952498487, 6.821132884005364]",time_limit,False,None,-0.7557203322293834,None,2170,60.02161475999992,1.0703125
120,2,60,1,1.0,120,120,4.853512735392503,"[60, 60]","[1.5414549408672453, 5.6018191003997355]",time_limit,False,None,-3.296148699330889,None,605,60.0238407869997,1.02392578125
120,2,60,2,1.0,120,120,5.04108809350945,"[60, 60]","[1.968401437499488, 6.7580536713071515]",time_limit,False,None,-4.4109494700133585,None,561,60.02226293300009,1.0068359375
120,3,40,0,1.0,120,120,11.996707889379719,"[40, 40, 40]","[1.8137297725803307, 5.620066776161342, 13.926147820649097]",time_limit,False,None,-5.070434479631712,None,770,60.022894634000295,1.00048828125
120,3,40,1,1.0,119,119,11.151590926358482,"[39, 40, 40]","[1.6737283872604576, 4.746643960096716, 10.763359883895939]",time_limit,False,None,-6.547841800465961,None,771,60.02590707799982,1.0
120,3,40,2,1.0,120,120,10.781953433285874,"[40, 40, 40]","[2.2904970029779994, 5.769476695865183, 12.891446362388635]",time_limit,False,None,-1.9042328249084033,None,1141,60.02062398399994,1.03564453125
120,4,30,0,1.0,120,120,16.335369107492838,"[30, 30, 30, 30]","[1.881663223183205, 4.435060079659138, 9.11752988848741, 20.18882239751352]",time_limit,False,None,-8.544299901187768,None,811,60.02139749200023,1.0849609375
120,4,30,1,1.0,120,120,14.51030282799581,"[30, 30, 30, 30]","[1.5677261021834212, 3.7338307857512847, 7.982500894814547, 17.170939031602877]",time_limit,False,None,-4.600760899377291,None,807,60.028806600999815,1.02978515625
120,4,30,2,1.0,120,120,18.71826321769543,"[30, 30, 30, 30]","[2.2860495832906294, 5.035560816040874, 10.808782459150448, 20.89174610417615]",time_limit,False,None,-3.731231362318796,None,1010,60.08300189900001,1.0087890625
120,5,24,0,1.0,120,120,22.661388208007814,"[24, 24, 24, 24, 24]","[2.1667930971763543, 3.9407687808694005, 7.055279146565882, 13.063833362994888, 26.40250523260634]",time_limit,False,None,-13.92797407283387,None,709,60.024907530999826,1.03564453125
120,5,24,1,1.0,119,119,22.84045955535949,"[23, 24, 24, 24, 24]","[1.7053437237735252, 3.2194795273838683, 6.20586622045301, 11.633429505991696, 22.005843547049068]",time_limit,False,None,-7.754510434462677,None,810,60.021300067000084,1.009765625
120,5,24,2,1.0,120,120,22.682952794833167,"[24, 24, 24, 24, 24]","[1.8258792130542087, 4.210053358377722, 7.5871462671846475, 14.15676031647969, 24.79448502626282]",time_limit,False,None,-6.488706446240059,None,890,60.02037806299995,1.15087890625
120,6,20,0,1.0,120,120,21.255507503709257,"[20, 20, 20, 20, 20, 20]","[1.7703867243390374, 3.152288229743381, 4.934004989355548, 8.964377107493444, 15.00528663567873, 27.906900845326437]",time_limit,False,None,-3.634837546622588,None,576,60.01979180399985,1.0537109375
120,6,20,1,1.0,120,120,24.73732529450526,"[20, 20, 20, 20, 20, 20]","[1.5859566494659152, 3.2356577148737733, 5.31355302248507, 9.227012631291757, 16.148632345448384, 28.61564692885838]",time_limit,False,None,-8.329614831649474,None,562,60.02080022100017,1.017578125
120,6,20,2,1.0,120,120,27.353730732413403,"[20, 20, 20, 20, 20, 20]","[2.0384560950200177, 3.8154038277637907, 6.400975430550538, 11.224655544524634, 18.686908339989273, 29.82561958332895]",time_limit,False,None,-3.2164439356646755,None,787,60.01955976299996,1.052734375
60,3,20,0,0.25,57,57,1.3833880640857523,"[18, 19, 20]","[0.44259668108475936, 0.9231879190159484, 1.3900946053079757]",optimal,True,-0.1044227834506341,-0.1044227834506341,-0.6721969755875111,1583,10.05522771599999,1.04443359375
60,3,20,1,0.25,59,59,1.366629778748934,"[19, 20, 20]","[0.3964891623664788, 0.7686006999428134, 1.2665070661723603]",optimal,True,-0.1830171368980691,-0.1830171368980691,-0.9626309651931155,7341,34.021490777000054,1.02294921875
60,3,20,2,0.25,56,56,1.5135236239074756,"[16, 20, 20]","[0.5096140237550044, 0.9485452508293523, 1.61266158640295]",optimal,True,0.21132681829061012,0.21132681829061012,-0.4034376643404711,1795,12.31608801199991,1.01904296875
60,4,15,0,0.25,57,57,1.614661424316358,"[14, 14, 15, 14]","[0.33825259220645054, 0.8546546216373926, 1.0716549348292037, 1.5384004868950572]",optimal,True,-0.19367215287126982,-0.19368958098958775,-0.7969876189421923,589,6.273913503000131,1.015625
60,4,15,1,0.25,54,54,1.5958719348418702,"[13, 12, 14, 15]","[0.33390657176085536, 0.5476195742916015, 0.7270451672935907, 1.5394126317080956]",optimal,True,-0.18349815356066695,-0.18349815356066695,-1.2134370083220876,2447,9.652127623999604,1.0126953125
60,4,15,2,0.25,59,59,1.818651784493872,"[14, 15, 15, 15]","[0.6225185835141905, 0.9740484793865519, 1.4540111520178276, 1.9901695162404274]",optimal,True,0.07165679247309938,0.07165679247309938,-0.8484707165947556,8265,43.4089042239998,1.0498046875
120,3,40,0,0.25,118,118,3.1239446119645424,"[38, 40, 40]","[0.4534324431450827, 1.4186089085744973, 3.5206284828162264]",feasible,False,0.022229811897656063,-1.2634987754399538,None,1781,60.04673482299995,1.0654296875
120,3,40,1,0.25,115,115,2.756167622821446,"[35, 40, 40]","[0.4184320968151144, 1.2072774024918638, 2.750040354976983]",time_limit,False,None,-1.4198852172636178,None,643,60.02016567700002,1.02197265625
120,3,40,2,0.25,118,118,2.769108369902393,"[38, 40, 40]","[0.5726242507444999, 1.4725762131782951, 3.092605034583573]",time_limit,False,None,-0.2563307734625342,None,2912,60.02134764400034,1.00537109375
