name,form,rep,wall,status,obj,bound,nodes,logicals,load
relu_10x1_s0,std,0,0.0115,Optimal,-0.5083761695003738,-0.5083761695003739,1,36,0.68
relu_10x1_s0,native,0,0.0105,Optimal,-0.5083761695003738,-0.5083761695003739,1,36,0.68
relu_10x1_s0,native,1,0.0104,Optimal,-0.5083761695003738,-0.5083761695003739,1,36,0.68
relu_10x1_s0,std,1,0.0104,Optimal,-0.5083761695003738,-0.5083761695003739,1,36,0.68
relu_10x1_s0,std,2,0.0105,Optimal,-0.5083761695003738,-0.5083761695003739,1,36,0.68
relu_10x1_s0,native,2,0.0109,Optimal,-0.5083761695003738,-0.5083761695003739,1,36,0.68
relu_10x1_s1,std,0,0.0426,Optimal,-0.2731710606980618,-0.2731710606980618,1,40,0.68
relu_10x1_s1,native,0,0.0446,Optimal,-0.2731710606980621,-0.2731710606980621,1,40,0.68
relu_10x1_s1,native,1,0.0445,Optimal,-0.2731710606980621,-0.2731710606980621,1,40,0.68
relu_10x1_s1,std,1,0.0388,Optimal,-0.2731710606980618,-0.2731710606980618,1,40,0.68
relu_10x1_s1,std,2,0.0392,Optimal,-0.2731710606980618,-0.2731710606980618,1,40,0.68
relu_10x1_s1,native,2,0.0453,Optimal,-0.2731710606980621,-0.2731710606980621,1,40,0.68
relu_10x1_s2,std,0,0.0252,Optimal,0.045501565681832036,0.045501565681832036,1,40,0.68
relu_10x1_s2,native,0,0.0235,Optimal,0.04550156568183205,0.04550156568183205,1,40,0.68
relu_10x1_s2,native,1,0.0227,Optimal,0.04550156568183205,0.04550156568183205,1,40,0.68
relu_10x1_s2,std,1,0.0251,Optimal,0.045501565681832036,0.045501565681832036,1,40,0.68
relu_10x1_s2,std,2,0.0245,Optimal,0.045501565681832036,0.045501565681832036,1,40,0.68
relu_10x1_s2,native,2,0.0234,Optimal,0.04550156568183205,0.04550156568183205,1,40,0.68
relu_10x1_s3,std,0,0.0194,Optimal,-2.2693842742598305,-2.2693842742598305,1,40,0.68
relu_10x1_s3,native,0,0.0092,Optimal,-2.26938427425983,-2.26938427425983,1,40,0.68
relu_10x1_s3,native,1,0.0089,Optimal,-2.26938427425983,-2.26938427425983,1,40,0.68
relu_10x1_s3,std,1,0.0188,Optimal,-2.2693842742598305,-2.2693842742598305,1,40,0.68
relu_10x1_s3,std,2,0.0193,Optimal,-2.2693842742598305,-2.2693842742598305,1,40,0.68
relu_10x1_s3,native,2,0.0093,Optimal,-2.26938427425983,-2.26938427425983,1,40,0.68
relu_10x1_s4,std,0,0.0181,Optimal,-0.3857893371362327,-0.3857893371362327,1,40,0.68
relu_10x1_s4,native,0,0.0415,Optimal,-0.3857893371362328,-0.3857893371362328,1,40,0.68
relu_10x1_s4,native,1,0.0386,Optimal,-0.3857893371362328,-0.3857893371362328,1,40,0.68
relu_10x1_s4,std,1,0.0207,Optimal,-0.3857893371362327,-0.3857893371362327,1,40,0.68
relu_10x1_s4,std,2,0.0403,Optimal,-0.3857893371362327,-0.3857893371362327,1,40,0.68
relu_10x1_s4,native,2,0.0322,Optimal,-0.3857893371362328,-0.3857893371362328,1,40,0.68
relu_25x1_s0,std,0,0.0320,Optimal,-0.9756325848692563,-0.9756325848692563,1,100,0.68
relu_25x1_s0,native,0,0.0243,Optimal,-0.9756325848692565,-0.9756325848692565,1,100,0.68
relu_25x1_s0,native,1,0.0259,Optimal,-0.9756325848692565,-0.9756325848692565,1,100,0.68
relu_25x1_s0,std,1,0.0324,Optimal,-0.9756325848692563,-0.9756325848692563,1,100,0.68
relu_25x1_s0,std,2,0.0327,Optimal,-0.9756325848692563,-0.9756325848692563,1,100,0.68
relu_25x1_s0,native,2,0.0318,Optimal,-0.9756325848692565,-0.9756325848692565,1,100,0.68
relu_25x1_s1,std,0,0.0373,Optimal,-0.6414868600658976,-0.6415357816242422,1,96,0.68
relu_25x1_s1,native,0,0.0479,Optimal,-0.6414868600658978,-0.6414868600658978,1,96,0.68
relu_25x1_s1,native,1,0.0495,Optimal,-0.6414868600658978,-0.6414868600658978,1,96,0.68
relu_25x1_s1,std,1,0.0450,Optimal,-0.6414868600658976,-0.6415357816242422,1,96,0.68
relu_25x1_s1,std,2,0.0384,Optimal,-0.6414868600658976,-0.6415357816242422,1,96,0.68
relu_25x1_s1,native,2,0.0483,Optimal,-0.6414868600658978,-0.6414868600658978,1,96,0.68
relu_25x1_s2,std,0,0.0363,Optimal,-1.0382570665714108,-1.0382570665714108,1,100,0.68
relu_25x1_s2,native,0,0.0330,Optimal,-1.0382570665714108,-1.0382570665714108,1,100,0.68
relu_25x1_s2,native,1,0.0320,Optimal,-1.0382570665714108,-1.0382570665714108,1,100,0.68
relu_25x1_s2,std,1,0.0360,Optimal,-1.0382570665714108,-1.0382570665714108,1,100,0.68
relu_25x1_s2,std,2,0.0363,Optimal,-1.0382570665714108,-1.0382570665714108,1,100,0.68
relu_25x1_s2,native,2,0.0336,Optimal,-1.0382570665714108,-1.0382570665714108,1,100,0.68
relu_25x1_s3,std,0,0.1161,Optimal,-0.23921959060218062,-0.23921959060218062,3,100,0.68
relu_25x1_s3,native,0,0.0802,Optimal,-0.2392195906021805,-0.2392195906021805,6,100,0.68
relu_25x1_s3,native,1,0.0831,Optimal,-0.2392195906021805,-0.2392195906021805,6,100,0.68
relu_25x1_s3,std,1,0.1134,Optimal,-0.23921959060218062,-0.23921959060218062,3,100,0.68
relu_25x1_s3,std,2,0.1044,Optimal,-0.23921959060218062,-0.23921959060218062,3,100,0.68
relu_25x1_s3,native,2,0.0760,Optimal,-0.2392195906021805,-0.2392195906021805,6,100,0.68
relu_25x1_s4,std,0,0.0693,Optimal,-0.7388012525011439,-0.7388012525011439,1,100,0.68
relu_25x1_s4,native,0,0.1312,Optimal,-0.7388012525011337,-0.7388012525011337,13,100,0.68
relu_25x1_s4,native,1,0.1120,Optimal,-0.7388012525011337,-0.7388012525011337,13,100,0.68
relu_25x1_s4,std,1,0.0753,Optimal,-0.7388012525011439,-0.7388012525011439,1,100,0.68
relu_25x1_s4,std,2,0.0769,Optimal,-0.7388012525011439,-0.7388012525011439,1,100,0.68
relu_25x1_s4,native,2,0.1136,Optimal,-0.7388012525011337,-0.7388012525011337,13,100,0.68
relu_50x1_s0,std,0,0.0918,Optimal,-1.1206742976305222,-1.1206742976305222,1,200,0.68
relu_50x1_s0,native,0,0.1056,Optimal,-1.1206742976305215,-1.1206742976305215,1,200,0.68
relu_50x1_s0,native,1,0.1210,Optimal,-1.1206742976305215,-1.1206742976305215,1,200,0.68
relu_50x1_s0,std,1,0.0849,Optimal,-1.1206742976305222,-1.1206742976305222,1,200,0.71
relu_50x1_s0,std,2,0.0832,Optimal,-1.1206742976305222,-1.1206742976305222,1,200,0.71
relu_50x1_s0,native,2,0.0964,Optimal,-1.1206742976305215,-1.1206742976305215,1,200,0.71
relu_50x1_s1,std,0,0.0364,Optimal,-1.6997361786553347,-1.6997361786553347,1,196,0.71
relu_50x1_s1,native,0,0.0531,Optimal,-1.6997361786553344,-1.6997476876755604,1,196,0.71
relu_50x1_s1,native,1,0.0519,Optimal,-1.6997361786553344,-1.6997476876755604,1,196,0.71
relu_50x1_s1,std,1,0.0384,Optimal,-1.6997361786553347,-1.6997361786553347,1,196,0.71
relu_50x1_s1,std,2,0.0356,Optimal,-1.6997361786553347,-1.6997361786553347,1,196,0.71
relu_50x1_s1,native,2,0.0489,Optimal,-1.6997361786553344,-1.6997476876755604,1,196,0.71
relu_50x1_s2,std,0,0.3533,Optimal,-0.5718800277381573,-0.5718800277381573,10,200,0.71
relu_50x1_s2,native,0,0.3153,Optimal,-0.5718800277381604,-0.5718800277381604,15,200,0.71
relu_50x1_s2,native,1,0.3151,Optimal,-0.5718800277381604,-0.5718800277381604,15,200,0.71
relu_50x1_s2,std,1,0.3525,Optimal,-0.5718800277381573,-0.5718800277381573,10,200,0.71
relu_50x1_s2,std,2,0.3536,Optimal,-0.5718800277381573,-0.5718800277381573,10,200,0.71
relu_50x1_s2,native,2,0.3267,Optimal,-0.5718800277381604,-0.5718800277381604,15,200,0.71
relu_50x1_s3,std,0,0.4103,Optimal,0.15540867075061762,0.15540867075061762,7,200,0.71
relu_50x1_s3,native,0,0.2401,Optimal,0.1554086707506176,0.1554086707506176,25,200,0.71
relu_50x1_s3,native,1,0.2375,Optimal,0.1554086707506176,0.1554086707506176,25,200,0.71
relu_50x1_s3,std,1,0.4313,Optimal,0.15540867075061762,0.15540867075061762,7,200,0.71
relu_50x1_s3,std,2,0.4093,Optimal,0.15540867075061762,0.15540867075061762,7,200,0.71
relu_50x1_s3,native,2,0.2386,Optimal,0.1554086707506176,0.1554086707506176,25,200,0.71
relu_50x1_s4,std,0,0.1840,Optimal,-0.3454139424020096,-0.3454139424020096,3,200,0.71
relu_50x1_s4,native,0,0.1461,Optimal,-0.34541394240201023,-0.3454139424020102,7,200,0.71
relu_50x1_s4,native,1,0.1557,Optimal,-0.34541394240201023,-0.3454139424020102,7,200,0.73
relu_50x1_s4,std,1,0.1866,Optimal,-0.3454139424020096,-0.3454139424020096,3,200,0.73
relu_50x1_s4,std,2,0.1865,Optimal,-0.3454139424020096,-0.3454139424020096,3,200,0.73
relu_50x1_s4,native,2,0.1462,Optimal,-0.34541394240201023,-0.3454139424020102,7,200,0.73
relu_100x1_s0,std,0,1.2009,Optimal,-0.38283582915202263,-0.38283582915202263,5,396,0.73
relu_100x1_s0,native,0,0.8672,Optimal,-0.3828358291520218,-0.3828358291520218,12,396,0.73
relu_100x1_s0,native,1,0.8171,Optimal,-0.3828358291520218,-0.3828358291520218,12,396,0.73
relu_100x1_s0,std,1,1.2556,Optimal,-0.38283582915202263,-0.38283582915202263,5,396,0.73
relu_100x1_s0,std,2,1.1870,Optimal,-0.38283582915202263,-0.38283582915202263,5,396,0.75
relu_100x1_s0,native,2,0.8058,Optimal,-0.3828358291520218,-0.3828358291520218,12,396,0.75
relu_100x1_s1,std,0,0.3086,Optimal,-1.1370993058061802,-1.1370993058061802,1,396,0.75
relu_100x1_s1,native,0,0.5204,Optimal,-1.137099305806181,-1.137099305806181,1,396,0.75
relu_100x1_s1,native,1,0.5120,Optimal,-1.137099305806181,-1.137099305806181,1,396,0.75
relu_100x1_s1,std,1,0.3477,Optimal,-1.1370993058061802,-1.1370993058061802,1,396,0.75
relu_100x1_s1,std,2,0.3567,Optimal,-1.1370993058061802,-1.1370993058061802,1,396,0.75
relu_100x1_s1,native,2,0.5225,Optimal,-1.137099305806181,-1.137099305806181,1,396,0.75
relu_100x1_s2,std,0,1.3606,Optimal,-0.27183573859424087,-0.27183573859424087,19,396,0.77
relu_100x1_s2,native,0,1.1265,Optimal,-0.2718357385942406,-0.2718503081631345,36,396,0.77
relu_100x1_s2,native,1,1.0995,Optimal,-0.2718357385942406,-0.2718503081631345,36,396,0.77
relu_100x1_s2,std,1,1.3843,Optimal,-0.27183573859424087,-0.27183573859424087,19,396,0.77
relu_100x1_s2,std,2,1.4093,Optimal,-0.27183573859424087,-0.27183573859424087,19,396,0.79
relu_100x1_s2,native,2,1.1069,Optimal,-0.2718357385942406,-0.2718503081631345,36,396,0.79
relu_100x1_s3,std,0,0.3460,Optimal,-1.4402649636137683,-1.4402759202696025,1,400,0.79
relu_100x1_s3,native,0,0.3328,Optimal,-1.440264963613768,-1.440264963613768,3,400,0.79
relu_100x1_s3,native,1,0.3288,Optimal,-1.440264963613768,-1.440264963613768,3,400,0.79
relu_100x1_s3,std,1,0.3219,Optimal,-1.4402649636137683,-1.4402759202696025,1,400,0.79
relu_100x1_s3,std,2,0.3058,Optimal,-1.4402649636137683,-1.4402759202696025,1,400,0.79
relu_100x1_s3,native,2,0.3206,Optimal,-1.440264963613768,-1.440264963613768,3,400,0.79
relu_100x1_s4,std,0,1.4303,Optimal,-1.5520413783123783,-1.5520413783123812,1,392,0.81
relu_100x1_s4,native,0,0.6966,Optimal,-1.5520413783123808,-1.5520413783123808,15,392,0.81
relu_100x1_s4,native,1,0.6978,Optimal,-1.5520413783123808,-1.5520413783123808,15,392,0.81
relu_100x1_s4,std,1,1.4869,Optimal,-1.5520413783123783,-1.5520413783123812,1,392,0.81
relu_100x1_s4,std,2,1.4177,Optimal,-1.5520413783123783,-1.5520413783123812,1,392,0.81
relu_100x1_s4,native,2,0.7190,Optimal,-1.5520413783123808,-1.5520413783123808,15,392,0.82
relu_10x2_s0,std,0,0.2095,Optimal,-0.29305055696653654,-0.29305055696653654,5,76,0.82
relu_10x2_s0,native,0,0.0888,Optimal,-0.2930505569665359,-0.2930505569665359,1,76,0.82
relu_10x2_s0,native,1,0.0783,Optimal,-0.2930505569665359,-0.2930505569665359,1,76,0.82
relu_10x2_s0,std,1,0.2241,Optimal,-0.29305055696653654,-0.29305055696653654,5,76,0.82
relu_10x2_s0,std,2,0.1912,Optimal,-0.29305055696653654,-0.29305055696653654,5,76,0.82
relu_10x2_s0,native,2,0.0851,Optimal,-0.2930505569665359,-0.2930505569665359,1,76,0.82
relu_10x2_s1,std,0,0.2347,Optimal,0.05065457862353798,0.05065457862353798,83,80,0.82
relu_10x2_s1,native,0,0.3162,Optimal,0.05065457862353898,0.05065457862353898,41,80,0.82
relu_10x2_s1,native,1,0.3218,Optimal,0.05065457862353898,0.05065457862353898,41,80,0.82
relu_10x2_s1,std,1,0.2170,Optimal,0.05065457862353798,0.05065457862353798,83,80,0.82
relu_10x2_s1,std,2,0.2163,Optimal,0.05065457862353798,0.05065457862353798,83,80,0.82
relu_10x2_s1,native,2,0.3209,Optimal,0.05065457862353898,0.05065457862353898,41,80,0.82
relu_10x2_s2,std,0,0.3109,Optimal,-0.6047140657090146,-0.6047140657090146,24,80,0.82
relu_10x2_s2,native,0,0.2828,Optimal,-0.6047140657090153,-0.6047140657090153,129,80,0.82
relu_10x2_s2,native,1,0.2846,Optimal,-0.6047140657090153,-0.6047140657090153,129,80,0.82
relu_10x2_s2,std,1,0.2908,Optimal,-0.6047140657090146,-0.6047140657090146,24,80,0.82
relu_10x2_s2,std,2,0.2989,Optimal,-0.6047140657090146,-0.6047140657090146,24,80,0.82
relu_10x2_s2,native,2,0.3327,Optimal,-0.6047140657090153,-0.6047140657090153,129,80,0.82
relu_10x2_s3,std,0,0.4832,Optimal,-0.24648988800528002,-0.24648988800528002,79,80,0.84
relu_10x2_s3,native,0,0.4129,Optimal,-0.24648988800528002,-0.24648988800528002,39,80,0.84
relu_10x2_s3,native,1,0.3946,Optimal,-0.24648988800528002,-0.24648988800528002,39,80,0.84
relu_10x2_s3,std,1,0.5305,Optimal,-0.24648988800528002,-0.24648988800528002,79,80,0.84
relu_10x2_s3,std,2,0.5312,Optimal,-0.24648988800528002,-0.24648988800528002,79,80,0.84
relu_10x2_s3,native,2,0.4302,Optimal,-0.24648988800528002,-0.24648988800528002,39,80,0.84
relu_10x2_s4,std,0,0.0811,Optimal,-0.34717935285005513,-0.34717935285005513,3,80,0.84
relu_10x2_s4,native,0,0.1174,Optimal,-0.3471793528500535,-0.3471793528500535,11,80,0.84
relu_10x2_s4,native,1,0.1168,Optimal,-0.3471793528500535,-0.3471793528500535,11,80,0.84
relu_10x2_s4,std,1,0.0697,Optimal,-0.34717935285005513,-0.34717935285005513,3,80,0.84
relu_10x2_s4,std,2,0.0757,Optimal,-0.34717935285005513,-0.34717935285005513,3,80,0.84
relu_10x2_s4,native,2,0.1089,Optimal,-0.3471793528500535,-0.3471793528500535,11,80,0.84
relu_25x2_s0,std,0,33.0357,Optimal,-0.8962061371323945,-0.8962061371323944,5140,200,0.91
relu_25x2_s0,native,0,10.8378,Optimal,-0.8962061371323942,-0.8962061371323942,2047,200,0.93
relu_25x2_s0,native,1,10.5475,Optimal,-0.8962061371323942,-0.8962061371323942,2047,200,0.94
relu_25x2_s0,std,1,32.4123,Optimal,-0.8962061371323945,-0.8962061371323944,5140,200,0.97
relu_25x2_s0,std,2,31.8976,Optimal,-0.8962061371323945,-0.8962061371323944,5140,200,0.98
relu_25x2_s0,native,2,10.5362,Optimal,-0.8962061371323942,-0.8962061371323942,2047,200,0.98
relu_25x2_s1,std,0,7.4714,Optimal,-0.4970898151792793,-0.4970898151792793,997,196,0.99
relu_25x2_s1,native,0,10.1524,Optimal,-0.49708981517927936,-0.49708981517927936,2221,196,0.99
relu_25x2_s1,native,1,10.0203,Optimal,-0.49708981517927936,-0.49708981517927936,2221,196,0.99
relu_25x2_s1,std,1,7.7584,Optimal,-0.4970898151792793,-0.4970898151792793,997,196,0.99
relu_25x2_s1,std,2,7.5280,Optimal,-0.4970898151792793,-0.4970898151792793,997,196,0.99
relu_25x2_s1,native,2,9.6306,Optimal,-0.49708981517927936,-0.49708981517927936,2221,196,1.00
relu_25x2_s2,std,0,9.6472,Optimal,-1.1119588684810293,-1.1119588684810293,860,200,1.00
relu_25x2_s2,native,0,9.0665,Optimal,-1.11195886848103,-1.11195886848103,2085,200,1.00
relu_25x2_s2,native,1,9.2843,Optimal,-1.11195886848103,-1.11195886848103,2085,200,1.00
relu_25x2_s2,std,1,9.4604,Optimal,-1.1119588684810293,-1.1119588684810293,860,200,1.07
relu_25x2_s2,std,2,9.3328,Optimal,-1.1119588684810293,-1.1119588684810293,860,200,1.06
relu_25x2_s2,native,2,9.0365,Optimal,-1.11195886848103,-1.11195886848103,2085,200,1.05
relu_25x2_s3,std,0,8.4283,Optimal,-0.97425065923355,-0.97425065923355,541,200,1.05
relu_25x2_s3,native,0,7.9306,Optimal,-0.9742506592335495,-0.9742506592335495,1298,200,1.04
relu_25x2_s3,native,1,7.9747,Optimal,-0.9742506592335495,-0.9742506592335495,1298,200,1.03
relu_25x2_s3,std,1,8.6565,Optimal,-0.97425065923355,-0.97425065923355,541,200,1.03
relu_25x2_s3,std,2,9.0396,Optimal,-0.97425065923355,-0.97425065923355,541,200,1.02
relu_25x2_s3,native,2,7.9133,Optimal,-0.9742506592335495,-0.9742506592335495,1298,200,1.02
relu_25x2_s4,std,0,4.1288,Optimal,-0.2859378031626889,-0.2859378031626889,532,200,1.02
relu_25x2_s4,native,0,5.9772,Optimal,-0.2859378031626889,-0.2859378031626889,1928,200,1.02
relu_25x2_s4,native,1,6.1944,Optimal,-0.2859378031626889,-0.2859378031626889,1928,200,1.02
relu_25x2_s4,std,1,4.1693,Optimal,-0.2859378031626889,-0.2859378031626889,532,200,1.01
relu_25x2_s4,std,2,4.0620,Optimal,-0.2859378031626889,-0.2859378031626889,532,200,1.01
relu_25x2_s4,native,2,6.0764,Optimal,-0.2859378031626889,-0.2859378031626889,1928,200,1.01
relu_10x3_s0,std,0,1.8031,Optimal,-0.10881925228120683,-0.10881925228120683,534,116,1.01
relu_10x3_s0,native,0,1.7135,Optimal,-0.10881925228120672,-0.10881925228120672,323,116,1.01
relu_10x3_s0,native,1,1.9460,Optimal,-0.10881925228120672,-0.10881925228120672,323,116,1.01
relu_10x3_s0,std,1,1.7274,Optimal,-0.10881925228120683,-0.10881925228120683,534,116,1.01
relu_10x3_s0,std,2,1.7451,Optimal,-0.10881925228120683,-0.10881925228120683,534,116,1.01
relu_10x3_s0,native,2,1.8196,Optimal,-0.10881925228120672,-0.10881925228120672,323,116,1.01
relu_10x3_s1,std,0,0.2085,Optimal,-0.2290464279431195,-0.2290464279431195,3,120,1.01
relu_10x3_s1,native,0,0.9036,Optimal,-0.22904642794311955,-0.22904642794311955,26,120,1.01
relu_10x3_s1,native,1,0.8863,Optimal,-0.22904642794311955,-0.22904642794311955,26,120,1.01
relu_10x3_s1,std,1,0.1971,Optimal,-0.2290464279431195,-0.2290464279431195,3,120,1.01
relu_10x3_s1,std,2,0.1957,Optimal,-0.2290464279431195,-0.2290464279431195,3,120,1.01
relu_10x3_s1,native,2,0.8894,Optimal,-0.22904642794311955,-0.22904642794311955,26,120,1.01
relu_10x3_s2,std,0,2.1831,Optimal,-0.31452312953057576,-0.31452312953057576,323,120,1.01
relu_10x3_s2,native,0,1.9546,Optimal,-0.314523129530576,-0.314523129530576,1209,120,1.01
relu_10x3_s2,native,1,1.9514,Optimal,-0.314523129530576,-0.314523129530576,1209,120,1.01
relu_10x3_s2,std,1,2.1767,Optimal,-0.31452312953057576,-0.31452312953057576,323,120,1.01
relu_10x3_s2,std,2,2.1483,Optimal,-0.31452312953057576,-0.31452312953057576,323,120,1.01
relu_10x3_s2,native,2,1.8421,Optimal,-0.314523129530576,-0.314523129530576,1209,120,1.01
relu_10x3_s3,std,0,1.7915,Optimal,-0.18463323275644242,-0.18463323275644242,74,120,1.01
relu_10x3_s3,native,0,2.0892,Optimal,-0.18463323275644128,-0.18463323275644128,943,120,1.09
relu_10x3_s3,native,1,2.1805,Optimal,-0.18463323275644128,-0.18463323275644128,943,120,1.09
relu_10x3_s3,std,1,1.8310,Optimal,-0.18463323275644242,-0.18463323275644242,74,120,1.08
relu_10x3_s3,std,2,1.8254,Optimal,-0.18463323275644242,-0.18463323275644242,74,120,1.08
relu_10x3_s3,native,2,2.2184,Optimal,-0.18463323275644128,-0.18463323275644128,943,120,1.08
relu_10x3_s4,std,0,0.8130,Optimal,0.0905449470620354,0.09054494706203539,225,120,1.07
relu_10x3_s4,native,0,0.5682,Optimal,0.09054494706203545,0.09054494706203545,56,120,1.07
relu_10x3_s4,native,1,0.5383,Optimal,0.09054494706203545,0.09054494706203545,56,120,1.07
relu_10x3_s4,std,1,0.7174,Optimal,0.0905449470620354,0.09054494706203539,225,120,1.07
relu_10x3_s4,std,2,0.7272,Optimal,0.0905449470620354,0.09054494706203539,225,120,1.07
relu_10x3_s4,native,2,0.5420,Optimal,0.09054494706203545,0.09054494706203545,56,120,1.07
mknap_60x5_s0,std,0,0.6958,Optimal,-1680.0,-1680.0,123,5,1.07
mknap_60x5_s0,native,0,0.7082,Optimal,-1680.0000000000002,-1680.0000000000005,130,5,1.15
mknap_60x5_s0,native,1,0.7062,Optimal,-1680.0000000000002,-1680.0000000000005,130,5,1.15
mknap_60x5_s0,std,1,0.6813,Optimal,-1680.0,-1680.0,123,5,1.15
mknap_60x5_s0,std,2,0.6812,Optimal,-1680.0,-1680.0,123,5,1.15
mknap_60x5_s0,native,2,0.7117,Optimal,-1680.0000000000002,-1680.0000000000005,130,5,1.15
mknap_100x8_s0,std,0,5.0015,Optimal,-2869.0,-2869.0,3215,8,1.13
mknap_100x8_s0,native,0,2.4170,Optimal,-2869.0,-2869.0,1258,8,1.12
mknap_100x8_s0,native,1,2.3967,Optimal,-2869.0,-2869.0,1258,8,1.12
mknap_100x8_s0,std,1,5.1700,Optimal,-2869.0,-2869.0,3215,8,1.11
mknap_100x8_s0,std,2,5.1999,Optimal,-2869.0,-2869.0,3215,8,1.10
mknap_100x8_s0,native,2,2.3068,Optimal,-2869.0,-2869.0,1258,8,1.10
cfl_15x40_s0,std,0,0.0276,Optimal,5006.369026611845,5006.369026611845,1,615,1.10
cfl_15x40_s0,native,0,0.0166,Optimal,5006.369026611844,5006.369026611844,1,615,1.10
cfl_15x40_s0,native,1,0.0174,Optimal,5006.369026611844,5006.369026611844,1,615,1.10
cfl_15x40_s0,std,1,0.0274,Optimal,5006.369026611845,5006.369026611845,1,615,1.10
cfl_15x40_s0,std,2,0.0274,Optimal,5006.369026611845,5006.369026611845,1,615,1.10
cfl_15x40_s0,native,2,0.0165,Optimal,5006.369026611844,5006.369026611844,1,615,1.10
cfl_25x60_s0,std,0,0.5463,Optimal,6232.965240682217,6232.965240682217,1,1525,1.10
cfl_25x60_s0,native,0,0.3977,Optimal,6232.96524068215,6232.96524068215,1,1525,1.10
cfl_25x60_s0,native,1,0.4007,Optimal,6232.96524068215,6232.96524068215,1,1525,1.10
cfl_25x60_s0,std,1,0.5692,Optimal,6232.965240682217,6232.965240682217,1,1525,1.10
cfl_25x60_s0,std,2,0.5790,Optimal,6232.965240682217,6232.965240682217,1,1525,1.10
cfl_25x60_s0,native,2,0.3695,Optimal,6232.96524068215,6232.96524068215,1,1525,1.10
setcover_300x150_s0,std,0,5.5102,Optimal,232.9999999999946,232.9999999999946,21,300,1.09
setcover_300x150_s0,native,0,3.6410,Optimal,232.99999999999812,232.99999999999812,9,300,1.08
setcover_300x150_s0,native,1,3.3641,Optimal,232.99999999999812,232.99999999999812,9,300,1.07
setcover_300x150_s0,std,1,5.4421,Optimal,232.9999999999946,232.9999999999946,21,300,1.07
setcover_300x150_s0,std,2,5.4522,Optimal,232.9999999999946,232.9999999999946,21,300,1.06
setcover_300x150_s0,native,2,3.2485,Optimal,232.99999999999812,232.99999999999812,9,300,1.06
setcover_500x250_s0,std,0,22.1376,Optimal,156.0,156.0,66,500,1.04
setcover_500x250_s0,native,0,13.5266,Optimal,155.99999999999883,155.99999999999883,47,500,1.03
setcover_500x250_s0,native,1,12.9975,Optimal,155.99999999999883,155.99999999999883,47,500,1.02
setcover_500x250_s0,std,1,21.6327,Optimal,156.0,156.0,66,500,1.02
setcover_500x250_s0,std,2,22.6415,Optimal,156.0,156.0,66,500,1.01
setcover_500x250_s0,native,2,13.8178,Optimal,155.99999999999883,155.99999999999883,47,500,1.01
lotsize_40_s0,std,0,0.0809,Optimal,3824.4021520046886,3824.4021520046886,1,40,1.01
lotsize_40_s0,native,0,0.1414,Optimal,3824.4021520046886,3824.402152004688,1,40,1.01
lotsize_40_s0,native,1,0.1411,Optimal,3824.4021520046886,3824.402152004688,1,40,1.01
lotsize_40_s0,std,1,0.1017,Optimal,3824.4021520046886,3824.4021520046886,1,40,1.01
lotsize_40_s0,std,2,0.0819,Optimal,3824.4021520046886,3824.4021520046886,1,40,1.01
lotsize_40_s0,native,2,0.1555,Optimal,3824.4021520046886,3824.402152004688,1,40,1.01
lotsize_80_s0,std,0,0.2049,Optimal,7441.8331173168335,7441.8331173168335,1,80,1.01
lotsize_80_s0,native,0,0.1385,Optimal,7441.8331173168335,7441.8331173168335,1,80,1.01
lotsize_80_s0,native,1,0.1277,Optimal,7441.8331173168335,7441.8331173168335,1,80,1.01
lotsize_80_s0,std,1,0.1760,Optimal,7441.8331173168335,7441.8331173168335,1,80,1.01
lotsize_80_s0,std,2,0.1700,Optimal,7441.8331173168335,7441.8331173168335,1,80,1.01
lotsize_80_s0,native,2,0.1249,Optimal,7441.8331173168335,7441.8331173168335,1,80,1.01
mknap_60x5_s1,std,0,0.3639,Optimal,-1759.0,-1759.0,26,5,1.01
mknap_60x5_s1,native,0,0.2784,Optimal,-1759.0000000000005,-1759.0000000000005,24,5,1.01
mknap_60x5_s1,native,1,0.2866,Optimal,-1759.0000000000005,-1759.0000000000005,24,5,1.01
mknap_60x5_s1,std,1,0.4066,Optimal,-1759.0,-1759.0,26,5,1.01
mknap_60x5_s1,std,2,0.4218,Optimal,-1759.0,-1759.0,26,5,1.01
mknap_60x5_s1,native,2,0.2920,Optimal,-1759.0000000000005,-1759.0000000000005,24,5,1.01
mknap_100x8_s1,std,0,3.7732,Optimal,-2753.0000000000005,-2753.0000000000005,1608,8,1.01
mknap_100x8_s1,native,0,6.3422,Optimal,-2753.0000000000014,-2753.0000000000014,8402,8,1.00
mknap_100x8_s1,native,1,6.1574,Optimal,-2753.0000000000014,-2753.0000000000014,8402,8,1.00
mknap_100x8_s1,std,1,3.5525,Optimal,-2753.0000000000005,-2753.0000000000005,1608,8,1.00
mknap_100x8_s1,std,2,3.4356,Optimal,-2753.0000000000005,-2753.0000000000005,1608,8,1.00
mknap_100x8_s1,native,2,6.1098,Optimal,-2753.0000000000014,-2753.0000000000014,8402,8,1.00
cfl_15x40_s1,std,0,0.0384,Optimal,5122.059346359099,5122.059346359099,1,615,1.00
cfl_15x40_s1,native,0,0.0268,Optimal,5122.059346359099,5122.059346359099,1,615,1.00
cfl_15x40_s1,native,1,0.0270,Optimal,5122.059346359099,5122.059346359099,1,615,1.00
cfl_15x40_s1,std,1,0.0376,Optimal,5122.059346359099,5122.059346359099,1,615,1.00
cfl_15x40_s1,std,2,0.0375,Optimal,5122.059346359099,5122.059346359099,1,615,1.00
cfl_15x40_s1,native,2,0.0275,Optimal,5122.059346359099,5122.059346359099,1,615,1.00
cfl_25x60_s1,std,0,0.1287,Optimal,5598.836305372013,5598.836305372013,1,1525,1.00
cfl_25x60_s1,native,0,0.0896,Optimal,5598.836305372018,5598.836305372018,1,1525,1.00
cfl_25x60_s1,native,1,0.0869,Optimal,5598.836305372018,5598.836305372018,1,1525,1.00
cfl_25x60_s1,std,1,0.1092,Optimal,5598.836305372013,5598.836305372013,1,1525,1.00
cfl_25x60_s1,std,2,0.1101,Optimal,5598.836305372013,5598.836305372013,1,1525,1.00
cfl_25x60_s1,native,2,0.0882,Optimal,5598.836305372018,5598.836305372018,1,1525,1.00
setcover_300x150_s1,std,0,5.1313,Optimal,230.00000000000094,230.00000000000094,11,300,1.00
setcover_300x150_s1,native,0,2.0868,Optimal,230.0,230.0,1,300,1.00
setcover_300x150_s1,native,1,2.1384,Optimal,230.0,230.0,1,300,1.00
setcover_300x150_s1,std,1,5.2634,Optimal,230.00000000000094,230.00000000000094,11,300,1.00
setcover_300x150_s1,std,2,5.6182,Optimal,230.00000000000094,230.00000000000094,11,300,1.08
setcover_300x150_s1,native,2,2.1530,Optimal,230.0,230.0,1,300,1.08
setcover_500x250_s1,std,0,23.4332,Optimal,202.0,202.0,243,500,1.05
setcover_500x250_s1,native,0,13.4386,Optimal,201.99999999991613,201.99999999991613,47,500,1.04
setcover_500x250_s1,native,1,13.5999,Optimal,201.99999999991613,201.99999999991613,47,500,1.03
setcover_500x250_s1,std,1,23.2896,Optimal,202.0,202.0,243,500,1.02
setcover_500x250_s1,std,2,23.4635,Optimal,202.0,202.0,243,500,1.01
setcover_500x250_s1,native,2,13.4499,Optimal,201.99999999991613,201.99999999991613,47,500,1.01
lotsize_40_s1,std,0,0.0840,Optimal,3885.7823076792224,3885.7823076792224,1,40,1.01
lotsize_40_s1,native,0,0.1058,Optimal,3885.7823076792224,3885.7823076792224,1,40,1.01
lotsize_40_s1,native,1,0.1052,Optimal,3885.7823076792224,3885.7823076792224,1,40,1.01
lotsize_40_s1,std,1,0.0959,Optimal,3885.7823076792224,3885.7823076792224,1,40,1.01
lotsize_40_s1,std,2,0.0850,Optimal,3885.7823076792224,3885.7823076792224,1,40,1.01
lotsize_40_s1,native,2,0.1253,Optimal,3885.7823076792224,3885.7823076792224,1,40,1.01
lotsize_80_s1,std,0,0.2167,Optimal,7475.668339891121,7475.668339891121,1,80,1.01
lotsize_80_s1,native,0,0.1642,Optimal,7475.668339891121,7475.552139366295,1,80,1.01
lotsize_80_s1,native,1,0.1630,Optimal,7475.668339891121,7475.552139366295,1,80,1.01
lotsize_80_s1,std,1,0.2162,Optimal,7475.668339891121,7475.668339891121,1,80,1.01
lotsize_80_s1,std,2,0.2222,Optimal,7475.668339891121,7475.668339891121,1,80,1.01
lotsize_80_s1,native,2,0.1882,Optimal,7475.668339891121,7475.552139366295,1,80,1.01
mknap_60x5_s2,std,0,0.4740,Optimal,-1774.0,-1774.0,36,5,1.01
mknap_60x5_s2,native,0,0.3627,Optimal,-1774.0,-1774.0,40,5,1.01
mknap_60x5_s2,native,1,0.3384,Optimal,-1774.0,-1774.0,40,5,1.01
mknap_60x5_s2,std,1,0.4531,Optimal,-1774.0,-1774.0,36,5,1.01
mknap_60x5_s2,std,2,0.4420,Optimal,-1774.0,-1774.0,36,5,1.01
mknap_60x5_s2,native,2,0.3364,Optimal,-1774.0,-1774.0,40,5,1.01
mknap_100x8_s2,std,0,2.4848,Optimal,-2798.0,-2798.0,214,8,1.01
mknap_100x8_s2,native,0,1.6563,Optimal,-2798.0,-2798.0,273,8,1.01
mknap_100x8_s2,native,1,1.5421,Optimal,-2798.0,-2798.0,273,8,1.01
mknap_100x8_s2,std,1,2.3382,Optimal,-2798.0,-2798.0,214,8,1.01
mknap_100x8_s2,std,2,2.3016,Optimal,-2798.0,-2798.0,214,8,1.01
mknap_100x8_s2,native,2,1.5621,Optimal,-2798.0,-2798.0,273,8,1.01
cfl_15x40_s2,std,0,0.0391,Optimal,4533.478577479094,4533.478577479094,1,615,1.01
cfl_15x40_s2,native,0,0.0412,Optimal,4533.478577479094,4533.478577479094,1,615,1.01
cfl_15x40_s2,native,1,0.0410,Optimal,4533.478577479094,4533.478577479094,1,615,1.01
cfl_15x40_s2,std,1,0.0405,Optimal,4533.478577479094,4533.478577479094,1,615,1.01
cfl_15x40_s2,std,2,0.0378,Optimal,4533.478577479094,4533.478577479094,1,615,1.01
cfl_15x40_s2,native,2,0.0399,Optimal,4533.478577479094,4533.478577479094,1,615,1.01
cfl_25x60_s2,std,0,1.1129,Optimal,5725.364817891646,5725.364817891646,1,1525,1.01
cfl_25x60_s2,native,0,0.4671,Optimal,5725.364817891656,5725.364817891656,1,1525,1.01
cfl_25x60_s2,native,1,0.4759,Optimal,5725.364817891656,5725.364817891656,1,1525,1.01
cfl_25x60_s2,std,1,1.0236,Optimal,5725.364817891646,5725.364817891646,1,1525,1.01
cfl_25x60_s2,std,2,1.1573,Optimal,5725.364817891646,5725.364817891646,1,1525,1.01
cfl_25x60_s2,native,2,0.5543,Optimal,5725.364817891656,5725.364817891656,1,1525,1.01
setcover_300x150_s2,std,0,3.6845,Optimal,254.99999999999878,254.99999999999878,6,300,1.00
setcover_300x150_s2,native,0,2.6620,Optimal,254.99999999999991,254.99999999999991,9,300,1.00
setcover_300x150_s2,native,1,2.7262,Optimal,254.99999999999991,254.99999999999991,9,300,1.00
setcover_300x150_s2,std,1,3.6978,Optimal,254.99999999999878,254.99999999999878,6,300,1.00
setcover_300x150_s2,std,2,3.5384,Optimal,254.99999999999878,254.99999999999878,6,300,1.00
setcover_300x150_s2,native,2,2.8650,Optimal,254.99999999999991,254.99999999999991,9,300,1.00
setcover_500x250_s2,std,0,16.7757,Optimal,168.0,168.0,15,500,1.00
setcover_500x250_s2,native,0,6.2302,Optimal,167.99999999999997,167.99999999999997,5,500,1.00
setcover_500x250_s2,native,1,6.5255,Optimal,167.99999999999997,167.99999999999997,5,500,1.00
setcover_500x250_s2,std,1,16.8172,Optimal,168.0,168.0,15,500,1.00
setcover_500x250_s2,std,2,16.5200,Optimal,168.0,168.0,15,500,1.00
setcover_500x250_s2,native,2,6.3980,Optimal,167.99999999999997,167.99999999999997,5,500,1.00
lotsize_40_s2,std,0,0.2871,Optimal,3942.9953721438305,3942.9953721438305,1,40,1.00
lotsize_40_s2,native,0,0.2310,Optimal,3942.9953721438305,3942.9953721438305,1,40,1.00
lotsize_40_s2,native,1,0.2393,Optimal,3942.9953721438305,3942.9953721438305,1,40,1.00
lotsize_40_s2,std,1,0.2847,Optimal,3942.9953721438305,3942.9953721438305,1,40,1.00
lotsize_40_s2,std,2,0.2875,Optimal,3942.9953721438305,3942.9953721438305,1,40,1.00
lotsize_40_s2,native,2,0.2303,Optimal,3942.9953721438305,3942.9953721438305,1,40,1.00
lotsize_80_s2,std,0,0.2050,Optimal,7291.833880357745,7291.833880357745,1,80,1.00
lotsize_80_s2,native,0,0.2647,Optimal,7291.833880357746,7291.833880357746,1,80,1.00
lotsize_80_s2,native,1,0.2758,Optimal,7291.833880357746,7291.833880357746,1,80,1.00
lotsize_80_s2,std,1,0.1936,Optimal,7291.833880357745,7291.833880357745,1,80,1.00
lotsize_80_s2,std,2,0.1953,Optimal,7291.833880357745,7291.833880357745,1,80,1.00
lotsize_80_s2,native,2,0.2533,Optimal,7291.833880357746,7291.833880357746,1,80,1.00
