width,depth,seed,arm,status,cert,objective,bound,wall,vars,cons,bins,load
10,1,0,discopt,optimal,1,-0.50837617,-0.50837617,0.04,34,41,9,
10,1,0,omlt+ref,optimal,1,-0.50837617,-0.50837617,0.07,40,58,10,
10,1,0,discopt+scip,optimal,1,-0.50837617,-0.50837617,0.13,34,41,9,
10,1,1,discopt,optimal,1,-0.27317106,-0.27317106,0.08,35,44,10,
10,1,1,omlt+ref,optimal,1,-0.27317106,-0.27317106,0.05,40,58,10,
10,1,1,discopt+scip,optimal,1,-0.27317106,-0.27317106,0.62,35,44,10,
25,1,0,discopt,optimal,1,-0.97563258,-0.97563258,0.08,80,104,25,
25,1,0,omlt+ref,optimal,1,-0.97563258,-0.97563258,0.03,85,133,25,
25,1,0,discopt+scip,optimal,1,-0.97563258,-0.97563258,0.17,80,104,25,
25,1,1,discopt,optimal,1,-0.64148686,-0.64153578,0.08,79,101,24,
25,1,1,omlt+ref,optimal,1,-0.64148686,-0.64148686,0.05,85,133,25,
25,1,1,discopt+scip,optimal,1,-0.64148686,-0.64148686,0.34,79,101,24,
50,1,0,discopt,optimal,1,-1.1206743,-1.1206743,0.17,155,204,50,
50,1,0,omlt+ref,optimal,1,-1.1206743,-1.1206743,0.12,160,258,50,
50,1,0,discopt+scip,optimal,1,-1.1206743,-1.1206743,1.35,155,204,50,
50,1,1,discopt,optimal,1,-1.6997362,-1.6997362,0.13,154,201,49,
50,1,1,omlt+ref,optimal,1,-1.6997362,-1.6997477,0.07,160,258,50,
50,1,1,discopt+scip,optimal,1,-1.6997362,-1.6997362,0.20,154,201,49,
100,1,0,discopt,optimal,1,-0.38283583,-0.38283583,1.29,304,401,99,
100,1,0,omlt+ref,optimal,1,-0.38283583,-0.38283583,0.69,310,508,100,
100,1,0,discopt+scip,optimal,1,-0.38283583,-0.38283583,6.69,304,401,99,
100,1,1,discopt,optimal,1,-1.1370993,-1.1370993,0.78,304,401,99,
100,1,1,omlt+ref,optimal,1,-1.1370993,-1.137152,0.49,310,508,100,
100,1,1,discopt+scip,optimal,1,-1.1370993,-1.1370993,2.55,304,401,99,
10,2,0,discopt,optimal,1,-0.29305056,-0.29305056,0.24,64,82,19,
10,2,0,omlt+ref,optimal,1,-0.29305056,-0.29305056,0.14,70,108,20,
10,2,0,discopt+scip,optimal,1,-0.29305056,-0.29305056,0.43,64,82,19,
10,2,1,discopt,optimal,1,0.050654579,0.050654579,0.23,65,85,20,
10,2,1,omlt+ref,optimal,1,0.050654579,0.050654579,0.24,70,108,20,
10,2,1,discopt+scip,optimal,1,0.050654579,0.050654579,0.85,65,85,20,
25,2,0,discopt,optimal,1,-0.89620614,-0.89620614,25.42,155,205,50,
25,2,0,omlt+ref,optimal,1,-0.89620614,-0.89620614,23.96,160,258,50,
25,2,0,discopt+scip,optimal,1,-0.89620614,-0.89620614,14.56,155,205,50,
25,2,1,discopt,optimal,1,-0.49708982,-0.49708982,6.18,154,202,49,
25,2,1,omlt+ref,optimal,1,-0.49708982,-0.49708982,8.13,160,258,50,
25,2,1,discopt+scip,optimal,1,-0.49708982,-0.49708982,8.22,154,202,49,
50,2,0,discopt,time_limit,0,,-3.8774995,30.03,305,405,100,
50,2,0,omlt+ref,maxTimeLimit,0,,-3.7800478,30.09,310,508,100,
50,2,0,discopt+scip,timelimit,0,-0.40389184,-3.0722015,30.17,305,405,100,
50,2,1,discopt,time_limit,0,,-1.879707,30.02,304,402,99,
50,2,1,omlt+ref,maxTimeLimit,0,,-1.8765461,30.10,310,508,100,
50,2,1,discopt+scip,timelimit,0,-0.19284141,-1.6641437,30.18,304,402,99,
100,2,0,discopt,time_limit,0,,-8.1309447,30.33,604,802,199,
100,2,0,omlt+ref,maxTimeLimit,0,,-7.7734843,30.42,610,1008,200,
100,2,0,discopt+scip,timelimit,0,0.0097983297,-8.0637981,30.41,604,802,199,
100,2,1,discopt,time_limit,0,,-8.4242387,30.08,604,802,199,
100,2,1,omlt+ref,maxTimeLimit,0,,-8.0035389,30.35,610,1008,200,
100,2,1,discopt+scip,timelimit,0,0.02319282,-8.2957398,30.31,604,802,199,1.43
10,3,0,discopt,optimal,1,-0.10881925,-0.10881925,1.46,94,123,29,1.43
10,3,0,omlt+ref,optimal,1,-0.10881925,-0.10881925,0.75,100,158,30,1.43
10,3,0,discopt+scip,optimal,1,-0.10881925,-0.10881925,2.25,94,123,29,1.43
10,3,1,discopt,optimal,1,-0.22904643,-0.22904643,0.23,95,126,30,1.48
10,3,1,omlt+ref,optimal,1,-0.22904643,-0.22904643,0.29,100,158,30,1.48
10,3,1,discopt+scip,optimal,1,-0.22904643,-0.22904643,2.10,95,126,30,1.48
25,3,0,discopt,time_limit,0,,-1.8063057,30.05,230,306,75,1.52
25,3,0,omlt+ref,maxTimeLimit,0,,-1.6924286,30.06,235,383,75,1.71
25,3,0,discopt+scip,timelimit,0,-0.30609089,-1.3121743,30.24,230,306,75,1.92
25,3,1,discopt,time_limit,0,,-3.1781544,30.02,229,303,74,1.61
25,3,1,omlt+ref,maxTimeLimit,0,,-3.1041555,30.09,235,383,75,1.37
25,3,1,discopt+scip,timelimit,0,0.0063660054,-3.1149048,30.16,229,303,74,1.13
50,3,0,discopt,time_limit,0,,-13.745289,30.03,455,606,150,1.08
50,3,0,omlt+ref,maxTimeLimit,0,,-13.060411,30.22,460,758,150,1.05
50,3,0,discopt+scip,timelimit,0,-0.10673789,-12.665695,30.18,455,606,150,1.23
50,3,1,discopt,time_limit,0,,-5.6599915,30.03,454,603,149,1.14
50,3,1,omlt+ref,maxTimeLimit,0,,-5.5029596,30.13,460,758,150,1.08
50,3,1,discopt+scip,timelimit,0,0.15926488,-5.4250995,30.18,454,603,149,1.03
100,3,0,discopt,time_limit,0,,-30.128392,30.07,904,1203,299,1.02
100,3,0,omlt+ref,maxTimeLimit,0,,-30.070185,30.63,910,1508,300,1.01
100,3,0,discopt+scip,timelimit,0,-0.075280197,-29.805586,30.28,904,1203,299,1.00
100,3,1,discopt,time_limit,0,,-23.901538,30.13,904,1203,299,1.00
100,3,1,omlt+ref,maxTimeLimit,0,,-23.853827,30.52,910,1508,300,1.00
100,3,1,discopt+scip,timelimit,0,0.14540229,-23.516596,30.29,904,1203,299,1.00
10,1,0,omlt+discopt,optimal,1,-0.50837617,-0.50837617,0.12,40,58,10,0.98
10,1,1,omlt+discopt,optimal,1,-0.27317106,-0.27317106,0.08,40,58,10,0.99
25,1,0,omlt+discopt,optimal,1,-0.97563258,-0.97563258,0.10,85,133,25,0.99
25,1,1,omlt+discopt,optimal,1,-0.64148686,-0.64148686,0.10,85,133,25,0.99
50,1,0,omlt+discopt,optimal,1,-1.1206743,-1.1206743,0.22,160,258,50,0.99
50,1,1,omlt+discopt,optimal,1,-1.6997362,-1.6997362,0.16,160,258,50,0.99
100,1,0,omlt+discopt,optimal,1,-0.38283583,-0.38283583,1.09,310,508,100,0.99
100,1,1,omlt+discopt,optimal,1,-1.1370993,-1.1371001,0.43,310,508,100,0.99
10,2,0,omlt+discopt,optimal,1,-0.29305056,-0.29305056,0.19,70,108,20,0.99
10,2,1,omlt+discopt,optimal,1,0.050654579,0.050654579,0.34,70,108,20,0.99
25,2,0,omlt+discopt,optimal,1,-0.89620614,-0.89628248,13.51,160,258,50,0.99
25,2,1,omlt+discopt,optimal,1,-0.49708982,-0.49708982,7.11,160,258,50,1.07
50,2,0,omlt+discopt,maxTimeLimit,0,,-4.1292483,30.13,310,508,100,1.06
50,2,1,omlt+discopt,maxTimeLimit,0,,-2.1038058,30.19,310,508,100,1.04
100,2,0,omlt+discopt,maxTimeLimit,0,,-7.755558,30.41,610,1008,200,1.02
100,2,1,omlt+discopt,maxTimeLimit,0,,-7.9583888,30.45,610,1008,200,1.01
10,3,0,omlt+discopt,optimal,1,-0.10881925,-0.10881925,1.40,100,158,30,1.01
10,3,1,omlt+discopt,optimal,1,-0.22904643,-0.22904643,1.65,100,158,30,1.09
25,3,0,omlt+discopt,maxTimeLimit,0,,-2.0303868,30.10,235,383,75,1.09
25,3,1,omlt+discopt,maxTimeLimit,0,,-3.1094481,30.08,235,383,75,2.17
50,3,0,omlt+discopt,maxTimeLimit,0,,-13.574848,30.18,460,758,150,2.63
50,3,1,omlt+discopt,maxTimeLimit,0,,-5.8260683,30.19,460,758,150,2.26
100,3,0,omlt+discopt,maxTimeLimit,0,,-30.098404,31.41,910,1508,300,2.27
100,3,1,omlt+discopt,maxTimeLimit,0,,-23.842677,31.24,910,1508,300,2.65
