spec,arm,rep,build,solve,highs,highs_calls,status,cert,obj,bound,load
100:1:0,discopt,0,0.017998318000024938,1.7066004079999857,1.3431771310000329,5,optimal,True,-0.38283582915202263,-0.38283582915202263,0.36572265625
100:1:0,omlt+highs,0,0.024319175000016457,0.7422533109999847,0.6730668460000118,1,optimal,True,-0.38283582915202174,-0.3828358291520217,0.36572265625
100:1:0,omlt+highs,1,0.025178220000015017,0.6729394799999966,0.6178186619999906,1,optimal,True,-0.38283582915202174,-0.3828358291520217,0.4169921875
100:1:0,discopt,1,0.01744942800002036,1.4474712889999921,1.185150436999976,5,optimal,True,-0.38283582915202263,-0.38283582915202263,0.4169921875
100:1:0,discopt,2,0.01470573200001013,1.5849614199999849,1.3006527360000177,5,optimal,True,-0.38283582915202263,-0.38283582915202263,0.5439453125
100:1:0,omlt+highs,2,0.023572160999975722,0.780568441000014,0.6933757980000053,1,optimal,True,-0.38283582915202174,-0.3828358291520217,0.5439453125
100:1:0,omlt+highs,3,0.018064007999981868,0.6214817550000191,0.5698489879999897,1,optimal,True,-0.38283582915202174,-0.3828358291520217,0.58056640625
100:1:0,discopt,3,0.013608029000010902,1.5116413259999888,1.234191658000043,5,optimal,True,-0.38283582915202263,-0.38283582915202263,0.58056640625
100:1:0,discopt,4,0.0165642339999863,1.5144125340000016,1.211263430999992,5,optimal,True,-0.38283582915202263,-0.38283582915202263,0.6142578125
100:1:0,omlt+highs,4,0.01970145900000375,0.7604003949999765,0.7019126160000155,1,optimal,True,-0.38283582915202174,-0.3828358291520217,0.6142578125
100:1:0,omlt+highs,5,0.021848134999999047,0.7076320280000061,0.6506584210000028,1,optimal,True,-0.38283582915202174,-0.3828358291520217,0.6455078125
100:1:0,discopt,5,0.01380936600000382,2.0792013230000066,1.1945285420000005,5,optimal,True,-0.38283582915202263,-0.38283582915202263,0.67431640625
100:1:1,discopt,0,0.014104830999997375,0.6302926820000039,0.3594625780000058,5,optimal,True,-1.1370993058061802,-1.1370993058061802,0.67431640625
100:1:1,omlt+highs,0,0.022573821999998245,0.598038785,0.5411987539999927,1,optimal,True,-1.1370993058061807,-1.137151956708293,0.67431640625
100:1:1,omlt+highs,1,0.017968147999994244,0.5582451020000008,0.5082447369999841,1,optimal,True,-1.1370993058061807,-1.137151956708293,0.70068359375
100:1:1,discopt,1,0.013678302999977632,0.5835592880000036,0.32817016100000274,5,optimal,True,-1.1370993058061802,-1.1370993058061802,0.70068359375
100:1:1,discopt,2,0.013551145999997516,0.6138560670000004,0.3349503959999822,5,optimal,True,-1.1370993058061802,-1.1370993058061802,0.70068359375
100:1:1,omlt+highs,2,0.022698375999993914,0.6460065809999946,0.5896970070000123,1,optimal,True,-1.1370993058061807,-1.137151956708293,0.72509765625
100:1:1,omlt+highs,3,0.018176089000007778,0.5817747950000012,0.5279962019999971,1,optimal,True,-1.1370993058061807,-1.137151956708293,0.72509765625
100:1:1,discopt,3,0.014012629999996307,0.6126572549999878,0.34285956700000497,5,optimal,True,-1.1370993058061802,-1.1370993058061802,0.98779296875
100:1:1,discopt,4,0.012518171000010625,0.5976016589999915,0.33588407399994935,5,optimal,True,-1.1370993058061802,-1.1370993058061802,0.98779296875
100:1:1,omlt+highs,4,0.01868348400000741,0.5585734519999903,0.5077364999999929,1,optimal,True,-1.1370993058061807,-1.137151956708293,0.9892578125
100:1:1,omlt+highs,5,0.01884213499999987,0.5532630400000187,0.5019875440000021,1,optimal,True,-1.1370993058061807,-1.137151956708293,0.9892578125
100:1:1,discopt,5,0.014039665000012747,0.6324285249999946,0.3568726999999683,5,optimal,True,-1.1370993058061802,-1.1370993058061802,0.9892578125
10:3:0,discopt,0,0.005296482999995078,1.7685348939999983,1.6522660570000482,5,optimal,True,-0.10881925228120683,-0.10881925228120683,0.990234375
10:3:0,omlt+highs,0,0.013228757999996787,0.9473671550000233,0.9213132350000137,1,optimal,True,-0.10881925228120669,-0.10881925228120669,0.9912109375
10:3:0,omlt+highs,1,0.012111767999982703,0.9293665890000113,0.9059930669999972,1,optimal,True,-0.10881925228120669,-0.10881925228120669,0.9912109375
10:3:0,discopt,1,0.00540229000000636,1.8013379100000009,1.6902583810000067,5,optimal,True,-0.10881925228120683,-0.10881925228120683,0.9921875
10:3:0,discopt,2,0.005312745999987101,1.7389005029999964,1.625219044000005,5,optimal,True,-0.10881925228120683,-0.10881925228120683,0.9921875
10:3:0,omlt+highs,2,0.012347866999988355,0.9398332910000136,0.9174324739999804,1,optimal,True,-0.10881925228120669,-0.10881925228120669,0.9931640625
10:3:0,omlt+highs,3,0.011927911999976004,0.8941724390000161,0.8717876460000014,1,optimal,True,-0.10881925228120669,-0.10881925228120669,0.9931640625
10:3:0,discopt,3,0.0051809789999879285,1.7402837610000006,1.6258136809999826,5,optimal,True,-0.10881925228120683,-0.10881925228120683,0.994140625
10:3:0,discopt,4,0.007198954000017466,1.822616423999989,1.699837331000026,5,optimal,True,-0.10881925228120683,-0.10881925228120683,0.994140625
10:3:0,omlt+highs,4,0.015557021000006444,0.9716941479999832,0.9465651090000051,1,optimal,True,-0.10881925228120669,-0.10881925228120669,0.99462890625
10:3:0,omlt+highs,5,0.011967347999984668,0.9448081200000047,0.921624788999992,1,optimal,True,-0.10881925228120669,-0.10881925228120669,0.9951171875
10:3:0,discopt,5,0.005278452999988303,1.855557033000025,1.7276635430000056,5,optimal,True,-0.10881925228120683,-0.10881925228120683,0.9951171875
10:3:1,discopt,0,0.005409629000013183,0.3297541079999746,0.20997017200002688,5,optimal,True,-0.2290464279431195,-0.2290464279431195,0.99560546875
10:3:1,omlt+highs,0,0.01211474699999826,0.3769218950000095,0.3544465659999787,1,optimal,True,-0.22904642794311944,-0.22904642794311944,0.99560546875
10:3:1,omlt+highs,1,0.01158873299999641,0.38323010199999885,0.36126045800000384,1,optimal,True,-0.22904642794311944,-0.22904642794311944,0.99560546875
10:3:1,discopt,1,0.005501197000000957,0.33628716800001257,0.21252566100002923,5,optimal,True,-0.2290464279431195,-0.2290464279431195,0.99609375
10:3:1,discopt,2,0.005407048999984454,0.31534658500001456,0.1998787150000112,5,optimal,True,-0.2290464279431195,-0.2290464279431195,0.99609375
10:3:1,omlt+highs,2,0.014447854000025018,0.37738932999999975,0.35499968399997783,1,optimal,True,-0.22904642794311944,-0.22904642794311944,0.99609375
10:3:1,omlt+highs,3,0.012714274999979125,0.3896837800000128,0.36569106299998566,1,optimal,True,-0.22904642794311944,-0.22904642794311944,0.99658203125
10:3:1,discopt,3,0.005556157999990319,0.3322312520000139,0.21312161899999182,5,optimal,True,-0.2290464279431195,-0.2290464279431195,0.99658203125
10:3:1,discopt,4,0.0058235690000003615,0.3275772250000273,0.20418080600001076,5,optimal,True,-0.2290464279431195,-0.2290464279431195,0.9970703125
10:3:1,omlt+highs,4,0.0128436089999866,0.36795501600002467,0.3458851639999807,1,optimal,True,-0.22904642794311944,-0.22904642794311944,0.9970703125
10:3:1,omlt+highs,5,0.015730321000006597,0.3907953300000031,0.3670976820000078,1,optimal,True,-0.22904642794311944,-0.22904642794311944,0.9970703125
10:3:1,discopt,5,0.005306434999965859,0.3222305570000117,0.20170921599998337,5,optimal,True,-0.2290464279431195,-0.2290464279431195,1.07763671875
25:2:0,discopt,0,0.007762071000001924,30.025681458000008,29.872017303999996,2,feasible,False,-0.8962061371323945,-1.3470450254881041,1.0458984375
25:2:0,omlt+highs,0,0.019072158000028594,29.632676463999985,29.600135986999987,1,optimal,True,-0.8962061371323942,-0.8962061371323942,1.02685546875
25:2:0,omlt+highs,1,0.018693401999996695,29.02940404900005,28.996830288000012,1,optimal,True,-0.8962061371323942,-0.8962061371323942,1.01513671875
25:2:0,discopt,1,0.007497537999995529,30.038070541000025,29.87896603400003,2,feasible,False,-0.8962061371323945,-1.3470450254881041,1.0068359375
25:2:0,discopt,2,0.007856121999964216,30.021223022000015,29.865256600999942,2,feasible,False,-0.8962061371323945,-1.3470450254881041,1.00341796875
25:2:0,omlt+highs,2,0.019103288999986034,28.943551988000024,28.91111818400003,1,optimal,True,-0.8962061371323942,-0.8962061371323942,1.00048828125
25:2:0,omlt+highs,3,0.021483737999972163,30.04732094000002,30.010596273999965,1,maxTimeLimit,False,-0.8962061371323942,-1.1030417676370883,1.2861328125
25:2:0,discopt,3,0.007473124999989977,30.02088120899998,29.87175301999997,2,feasible,False,-0.8962061371323945,-1.3470450254881041,1.23876953125
25:2:0,discopt,4,0.007550727999955598,30.019617693999976,29.861468378000097,2,feasible,False,-0.8962061371323945,-1.3732072890962115,1.693359375
25:2:0,omlt+highs,4,0.018875796999964223,30.040593127999955,30.00395550899998,1,maxTimeLimit,False,-0.8962061371323942,-1.1030417676370883,1.87255859375
25:2:0,omlt+highs,5,0.02018266400000357,30.044046087000083,30.009920684999997,1,maxTimeLimit,False,-0.8962061371323942,-1.005516773208631,1.93017578125
25:2:0,discopt,5,0.007497250000028544,30.047887742999933,29.872816005000004,2,feasible,False,-0.8962061371323945,-1.4016536702049502,1.958984375
25:2:1,discopt,0,0.008467597999924692,7.930208794000009,7.720506343000011,5,optimal,True,-0.4970898151792793,-0.4970898151792793,2.0390625
25:2:1,omlt+highs,0,0.01990509600000223,10.185852526999952,10.15196795299994,1,optimal,True,-0.49708981517927603,-0.49708981517927603,2.03271484375
25:2:1,omlt+highs,1,0.030261730000006537,10.118417099999988,10.059205463000012,1,optimal,True,-0.49708981517927603,-0.49708981517927603,2.02490234375
25:2:1,discopt,1,0.007441584000048351,7.987516766999988,7.803592568999875,5,optimal,True,-0.4970898151792793,-0.4970898151792793,2.0224609375
25:2:1,discopt,2,0.007462637000003269,7.7715086509999765,7.605442209999751,5,optimal,True,-0.4970898151792793,-0.4970898151792793,2.0185546875
25:2:1,omlt+highs,2,0.01898764299994582,9.694623359000047,9.661974459000021,1,optimal,True,-0.49708981517927603,-0.49708981517927603,2.01513671875
25:2:1,omlt+highs,3,0.02077025600010529,10.484193175999962,10.448951722999936,1,optimal,True,-0.49708981517927603,-0.49708981517927603,2.21484375
25:2:1,discopt,3,0.007472881000012421,7.62441775100001,7.457330522999769,5,optimal,True,-0.4970898151792793,-0.4970898151792793,2.18115234375
25:2:1,discopt,4,0.008049971999980698,8.275389655000026,8.102236707000088,5,optimal,True,-0.4970898151792793,-0.4970898151792793,2.16650390625
25:2:1,omlt+highs,4,0.018787112999916644,9.44905794300007,9.417427603000078,1,optimal,True,-0.49708981517927603,-0.49708981517927603,2.35693359375
25:2:1,omlt+highs,5,0.031218794999972488,9.681761837000067,9.649913114000015,1,optimal,True,-0.49708981517927603,-0.49708981517927603,2.3017578125
25:2:1,discopt,5,0.007170894000068984,8.046967578000022,7.886510245999943,5,optimal,True,-0.4970898151792793,-0.4970898151792793,2.2548828125
100:2:0,discopt,0,0.028196180999998433,30.209951337000007,29.17706448199999,1,time_limit,False,None,-8.130944683854324,1.7587890625
100:2:0,omlt+highs,0,0.20129040300002998,30.145044625999958,30.011832577000064,1,maxTimeLimit,False,None,-8.128179143711703,1.421875
100:2:0,omlt+highs,1,0.1524552359999234,30.13791522400004,30.00701367299996,1,maxTimeLimit,False,None,-8.128179143711703,1.25439453125
100:2:0,discopt,1,0.02965464199996859,30.088707320000026,29.12311829400005,1,time_limit,False,None,-8.130944683854324,1.22119140625
100:2:0,discopt,2,0.029708353000046372,30.403886758,29.47657330300001,1,time_limit,False,None,-8.130944683854324,1.1220703125
100:2:0,omlt+highs,2,0.1880381840001064,30.16250318699997,30.012078134000035,1,maxTimeLimit,False,None,-8.128179143711703,1.07275390625
50:3:0,discopt,0,0.023432689999935974,30.187616235000064,29.58191723499999,1,time_limit,False,None,-13.745289196061563,1.04296875
50:3:0,omlt+highs,0,0.09114602099998592,30.112975305999953,30.007585409999933,1,maxTimeLimit,False,None,-13.060410579083168,1.0224609375
50:3:0,omlt+highs,1,0.08597057100007532,30.09667670099998,30.006540772000108,1,maxTimeLimit,False,None,-13.060410579083168,1.01220703125
50:3:0,discopt,1,0.0210878049999792,30.164193748000116,29.555584898000006,1,time_limit,False,None,-13.745289196061563,1.005859375
50:3:0,discopt,2,0.021504272999891327,30.17782645000011,29.52098788400008,1,time_limit,False,None,-13.745289196061563,1.25146484375
50:3:0,omlt+highs,2,0.0871987220000392,30.09853274000011,30.005997403000038,1,maxTimeLimit,False,None,-13.060410579083168,1.1513671875
